Date,TagName,value
01/07/2008 00:00,c#,3
01/08/2008 00:00,assembly,8
01/08/2008 00:00,javascript,162
01/08/2008 00:00,c,85
01/08/2008 00:00,python,124
01/08/2008 00:00,perl,28
01/08/2008 00:00,c#,511
01/08/2008 00:00,c++,164
01/08/2008 00:00,java,222
01/08/2008 00:00,delphi,14
01/08/2008 00:00,ruby,73
01/08/2008 00:00,php,161
01/09/2008 00:00,c,321
01/09/2008 00:00,delphi,105
01/09/2008 00:00,assembly,28
01/09/2008 00:00,javascript,640
01/09/2008 00:00,java,1137
01/09/2008 00:00,c#,1649
01/09/2008 00:00,perl,131
01/09/2008 00:00,python,542
01/09/2008 00:00,r,6
01/09/2008 00:00,c++,755
01/09/2008 00:00,php,482
01/09/2008 00:00,ruby,290
01/10/2008 00:00,delphi,112
01/10/2008 00:00,java,1153
01/10/2008 00:00,assembly,15
01/10/2008 00:00,c#,1989
01/10/2008 00:00,perl,127
01/10/2008 00:00,c,303
01/10/2008 00:00,php,617
01/10/2008 00:00,python,510
01/10/2008 00:00,javascript,725
01/10/2008 00:00,c++,811
01/10/2008 00:00,ruby,249
01/11/2008 00:00,assembly,17
01/11/2008 00:00,c#,1730
01/11/2008 00:00,python,452
01/11/2008 00:00,c,259
01/11/2008 00:00,java,958
01/11/2008 00:00,delphi,141
01/11/2008 00:00,c++,735
01/11/2008 00:00,javascript,579
01/11/2008 00:00,perl,97
01/11/2008 00:00,php,504
01/11/2008 00:00,ruby,160
01/11/2008 00:00,r,1
01/12/2008 00:00,javascript,627
01/12/2008 00:00,assembly,18
01/12/2008 00:00,c,186
01/12/2008 00:00,c#,1597
01/12/2008 00:00,java,832
01/12/2008 00:00,php,481
01/12/2008 00:00,c++,633
01/12/2008 00:00,delphi,134
01/12/2008 00:00,r,1
01/12/2008 00:00,python,441
01/12/2008 00:00,perl,134
01/12/2008 00:00,ruby,161
01/01/2009 00:00,delphi,164
01/01/2009 00:00,r,8
01/01/2009 00:00,php,636
01/01/2009 00:00,java,1150
01/01/2009 00:00,c#,2378
01/01/2009 00:00,assembly,22
01/01/2009 00:00,c++,853
01/01/2009 00:00,c,321
01/01/2009 00:00,ruby,209
01/01/2009 00:00,perl,147
01/01/2009 00:00,swift,1
01/01/2009 00:00,javascript,792
01/01/2009 00:00,python,631
01/02/2009 00:00,javascript,948
01/02/2009 00:00,perl,165
01/02/2009 00:00,python,630
01/02/2009 00:00,c,332
01/02/2009 00:00,c#,2599
01/02/2009 00:00,assembly,37
01/02/2009 00:00,java,1208
01/02/2009 00:00,c++,845
01/02/2009 00:00,r,9
01/02/2009 00:00,ruby,287
01/02/2009 00:00,delphi,168
01/02/2009 00:00,swift,1
01/02/2009 00:00,php,769
01/03/2009 00:00,assembly,24
01/03/2009 00:00,javascript,1005
01/03/2009 00:00,c#,3162
01/03/2009 00:00,c,430
01/03/2009 00:00,java,1440
01/03/2009 00:00,php,904
01/03/2009 00:00,c++,1056
01/03/2009 00:00,r,4
01/03/2009 00:00,perl,139
01/03/2009 00:00,delphi,162
01/03/2009 00:00,ruby,330
01/03/2009 00:00,python,765
01/03/2009 00:00,swift,1
01/04/2009 00:00,assembly,49
01/04/2009 00:00,javascript,1050
01/04/2009 00:00,python,768
01/04/2009 00:00,java,1534
01/04/2009 00:00,delphi,185
01/04/2009 00:00,c++,1020
01/04/2009 00:00,c#,3320
01/04/2009 00:00,c,458
01/04/2009 00:00,php,968
01/04/2009 00:00,perl,161
01/04/2009 00:00,ruby,358
01/04/2009 00:00,r,12
01/05/2009 00:00,javascript,1434
01/05/2009 00:00,assembly,47
01/05/2009 00:00,delphi,202
01/05/2009 00:00,c,481
01/05/2009 00:00,c#,3560
01/05/2009 00:00,python,999
01/05/2009 00:00,ruby,402
01/05/2009 00:00,java,1819
01/05/2009 00:00,c++,1218
01/05/2009 00:00,perl,197
01/05/2009 00:00,php,1183
01/05/2009 00:00,r,2
01/05/2009 00:00,swift,2
01/06/2009 00:00,c,505
01/06/2009 00:00,java,2115
01/06/2009 00:00,assembly,49
01/06/2009 00:00,delphi,222
01/06/2009 00:00,c++,1253
01/06/2009 00:00,javascript,1557
01/06/2009 00:00,perl,247
01/06/2009 00:00,c#,3885
01/06/2009 00:00,r,5
01/06/2009 00:00,php,1580
01/06/2009 00:00,ruby,433
01/06/2009 00:00,python,1045
01/06/2009 00:00,swift,1
01/07/2009 00:00,c#,4411
01/07/2009 00:00,assembly,32
01/07/2009 00:00,c++,1468
01/07/2009 00:00,python,1162
01/07/2009 00:00,java,2263
01/07/2009 00:00,perl,259
01/07/2009 00:00,c,542
01/07/2009 00:00,delphi,269
01/07/2009 00:00,javascript,1750
01/07/2009 00:00,r,51
01/07/2009 00:00,ruby,500
01/07/2009 00:00,php,2035
01/08/2009 00:00,assembly,48
01/08/2009 00:00,c,530
01/08/2009 00:00,delphi,246
01/08/2009 00:00,javascript,1858
01/08/2009 00:00,perl,252
01/08/2009 00:00,java,2193
01/08/2009 00:00,php,2186
01/08/2009 00:00,c#,4460
01/08/2009 00:00,r,47
01/08/2009 00:00,python,1139
01/08/2009 00:00,c++,1401
01/08/2009 00:00,ruby,485
01/08/2009 00:00,swift,2
01/09/2009 00:00,java,2264
01/09/2009 00:00,javascript,1755
01/09/2009 00:00,c#,4356
01/09/2009 00:00,c,573
01/09/2009 00:00,assembly,62
01/09/2009 00:00,php,2268
01/09/2009 00:00,c++,1465
01/09/2009 00:00,perl,250
01/09/2009 00:00,python,1166
01/09/2009 00:00,delphi,252
01/09/2009 00:00,ruby,477
01/09/2009 00:00,r,138
01/09/2009 00:00,swift,2
01/10/2009 00:00,assembly,74
01/10/2009 00:00,delphi,255
01/10/2009 00:00,javascript,2044
01/10/2009 00:00,c++,1689
01/10/2009 00:00,java,2505
01/10/2009 00:00,c#,4724
01/10/2009 00:00,c,775
01/10/2009 00:00,python,1421
01/10/2009 00:00,perl,282
01/10/2009 00:00,php,2364
01/10/2009 00:00,r,73
01/10/2009 00:00,ruby,493
01/10/2009 00:00,swift,1
01/11/2009 00:00,delphi,274
01/11/2009 00:00,python,1559
01/11/2009 00:00,c#,4682
01/11/2009 00:00,c,967
01/11/2009 00:00,javascript,2227
01/11/2009 00:00,assembly,82
01/11/2009 00:00,c++,1758
01/11/2009 00:00,go,66
01/11/2009 00:00,ruby,654
01/11/2009 00:00,perl,323
01/11/2009 00:00,php,2690
01/11/2009 00:00,java,2763
01/11/2009 00:00,swift,2
01/11/2009 00:00,r,94
01/12/2009 00:00,delphi,282
01/12/2009 00:00,php,2830
01/12/2009 00:00,assembly,62
01/12/2009 00:00,java,2690
01/12/2009 00:00,python,1589
01/12/2009 00:00,c#,4491
01/12/2009 00:00,perl,262
01/12/2009 00:00,c,851
01/12/2009 00:00,r,80
01/12/2009 00:00,go,11
01/12/2009 00:00,javascript,2302
01/12/2009 00:00,ruby,573
01/12/2009 00:00,c++,1658
01/12/2009 00:00,swift,1
01/01/2010 00:00,javascript,2620
01/01/2010 00:00,assembly,101
01/01/2010 00:00,c++,2001
01/01/2010 00:00,python,1949
01/01/2010 00:00,c#,5116
01/01/2010 00:00,go,15
01/01/2010 00:00,c,982
01/01/2010 00:00,delphi,303
01/01/2010 00:00,java,3728
01/01/2010 00:00,perl,302
01/01/2010 00:00,ruby,686
01/01/2010 00:00,php,3439
01/01/2010 00:00,r,94
01/02/2010 00:00,assembly,69
01/02/2010 00:00,c,1036
01/02/2010 00:00,delphi,283
01/02/2010 00:00,c#,5105
01/02/2010 00:00,perl,348
01/02/2010 00:00,java,3582
01/02/2010 00:00,go,7
01/02/2010 00:00,javascript,2640
01/02/2010 00:00,php,3170
01/02/2010 00:00,r,122
01/02/2010 00:00,c++,2277
01/02/2010 00:00,python,1866
01/02/2010 00:00,swift,2
01/02/2010 00:00,ruby,688
01/03/2010 00:00,assembly,122
01/03/2010 00:00,javascript,2986
01/03/2010 00:00,go,8
01/03/2010 00:00,python,2072
01/03/2010 00:00,delphi,318
01/03/2010 00:00,c++,2440
01/03/2010 00:00,c,1118
01/03/2010 00:00,c#,6039
01/03/2010 00:00,java,4448
01/03/2010 00:00,php,3757
01/03/2010 00:00,perl,392
01/03/2010 00:00,ruby,696
01/03/2010 00:00,r,139
01/04/2010 00:00,javascript,3003
01/04/2010 00:00,c,1186
01/04/2010 00:00,delphi,271
01/04/2010 00:00,python,1816
01/04/2010 00:00,c#,5786
01/04/2010 00:00,assembly,124
01/04/2010 00:00,php,3651
01/04/2010 00:00,ruby,753
01/04/2010 00:00,go,10
01/04/2010 00:00,java,3889
01/04/2010 00:00,swift,2
01/04/2010 00:00,c++,2490
01/04/2010 00:00,r,160
01/04/2010 00:00,perl,365
01/05/2010 00:00,java,4177
01/05/2010 00:00,assembly,108
01/05/2010 00:00,c++,2423
01/05/2010 00:00,delphi,280
01/05/2010 00:00,javascript,3226
01/05/2010 00:00,perl,287
01/05/2010 00:00,c,1180
01/05/2010 00:00,c#,5939
01/05/2010 00:00,r,139
01/05/2010 00:00,php,3997
01/05/2010 00:00,ruby,776
01/05/2010 00:00,go,17
01/05/2010 00:00,swift,1
01/05/2010 00:00,python,2010
01/06/2010 00:00,assembly,91
01/06/2010 00:00,java,4290
01/06/2010 00:00,c#,6153
01/06/2010 00:00,javascript,3469
01/06/2010 00:00,delphi,329
01/06/2010 00:00,c,1155
01/06/2010 00:00,go,15
01/06/2010 00:00,c++,2828
01/06/2010 00:00,php,4099
01/06/2010 00:00,perl,409
01/06/2010 00:00,ruby,853
01/06/2010 00:00,python,2209
01/06/2010 00:00,swift,2
01/06/2010 00:00,r,178
01/07/2010 00:00,c,1288
01/07/2010 00:00,c#,6687
01/07/2010 00:00,php,4610
01/07/2010 00:00,delphi,334
01/07/2010 00:00,java,4522
01/07/2010 00:00,javascript,3874
01/07/2010 00:00,assembly,98
01/07/2010 00:00,go,8
01/07/2010 00:00,r,234
01/07/2010 00:00,c++,2690
01/07/2010 00:00,perl,437
01/07/2010 00:00,python,2596
01/07/2010 00:00,swift,1
01/07/2010 00:00,ruby,911
01/08/2010 00:00,javascript,4001
01/08/2010 00:00,java,4712
01/08/2010 00:00,c#,6965
01/08/2010 00:00,go,13
01/08/2010 00:00,php,5148
01/08/2010 00:00,assembly,86
01/08/2010 00:00,c++,2638
01/08/2010 00:00,c,1371
01/08/2010 00:00,ruby,995
01/08/2010 00:00,perl,548
01/08/2010 00:00,swift,2
01/08/2010 00:00,r,283
01/08/2010 00:00,python,2494
01/08/2010 00:00,delphi,354
01/09/2010 00:00,assembly,117
01/09/2010 00:00,javascript,3999
01/09/2010 00:00,java,4723
01/09/2010 00:00,python,2252
01/09/2010 00:00,delphi,319
01/09/2010 00:00,c++,2744
01/09/2010 00:00,c,1382
01/09/2010 00:00,c#,6405
01/09/2010 00:00,perl,460
01/09/2010 00:00,php,4703
01/09/2010 00:00,go,9
01/09/2010 00:00,ruby,938
01/09/2010 00:00,r,236
01/09/2010 00:00,swift,1
01/10/2010 00:00,javascript,4119
01/10/2010 00:00,delphi,361
01/10/2010 00:00,c,1444
01/10/2010 00:00,assembly,123
01/10/2010 00:00,c#,6745
01/10/2010 00:00,python,2672
01/10/2010 00:00,go,13
01/10/2010 00:00,perl,500
01/10/2010 00:00,php,4523
01/10/2010 00:00,java,5033
01/10/2010 00:00,c++,2934
01/10/2010 00:00,r,214
01/10/2010 00:00,ruby,926
01/10/2010 00:00,swift,1
01/11/2010 00:00,java,5603
01/11/2010 00:00,assembly,164
01/11/2010 00:00,c,1676
01/11/2010 00:00,delphi,390
01/11/2010 00:00,javascript,4545
01/11/2010 00:00,perl,466
01/11/2010 00:00,c++,3374
01/11/2010 00:00,c#,7324
01/11/2010 00:00,r,242
01/11/2010 00:00,php,5125
01/11/2010 00:00,ruby,929
01/11/2010 00:00,go,16
01/11/2010 00:00,swift,1
01/11/2010 00:00,python,2611
01/12/2010 00:00,c#,7117
01/12/2010 00:00,c++,3139
01/12/2010 00:00,python,2484
01/12/2010 00:00,assembly,123
01/12/2010 00:00,java,5682
01/12/2010 00:00,c,1469
01/12/2010 00:00,go,18
01/12/2010 00:00,javascript,4948
01/12/2010 00:00,delphi,321
01/12/2010 00:00,ruby,1022
01/12/2010 00:00,perl,501
01/12/2010 00:00,swift,2
01/12/2010 00:00,php,5400
01/12/2010 00:00,r,223
01/01/2011 00:00,c,1462
01/01/2011 00:00,delphi,370
01/01/2011 00:00,assembly,134
01/01/2011 00:00,c#,7994
01/01/2011 00:00,java,6546
01/01/2011 00:00,go,15
01/01/2011 00:00,perl,480
01/01/2011 00:00,javascript,5428
01/01/2011 00:00,r,250
01/01/2011 00:00,c++,3501
01/01/2011 00:00,php,6444
01/01/2011 00:00,python,2907
01/01/2011 00:00,swift,3
01/01/2011 00:00,ruby,1204
01/02/2011 00:00,javascript,5589
01/02/2011 00:00,java,6876
01/02/2011 00:00,c#,8233
01/02/2011 00:00,go,16
01/02/2011 00:00,php,6723
01/02/2011 00:00,assembly,145
01/02/2011 00:00,c++,3449
01/02/2011 00:00,c,1641
01/02/2011 00:00,ruby,1253
01/02/2011 00:00,perl,483
01/02/2011 00:00,swift,3
01/02/2011 00:00,r,322
01/02/2011 00:00,python,3017
01/02/2011 00:00,delphi,360
01/03/2011 00:00,php,8128
01/03/2011 00:00,assembly,192
01/03/2011 00:00,python,3751
01/03/2011 00:00,javascript,6767
01/03/2011 00:00,c#,9998
01/03/2011 00:00,c,2109
01/03/2011 00:00,ruby,1639
01/03/2011 00:00,c++,4182
01/03/2011 00:00,delphi,518
01/03/2011 00:00,java,8482
01/03/2011 00:00,swift,3
01/03/2011 00:00,perl,604
01/03/2011 00:00,go,3
01/03/2011 00:00,r,422
01/04/2011 00:00,java,7903
01/04/2011 00:00,delphi,402
01/04/2011 00:00,perl,553
01/04/2011 00:00,c#,9288
01/04/2011 00:00,c,2042
01/04/2011 00:00,php,7675
01/04/2011 00:00,assembly,158
01/04/2011 00:00,c++,4171
01/04/2011 00:00,javascript,6880
01/04/2011 00:00,go,7
01/04/2011 00:00,r,476
01/04/2011 00:00,ruby,1477
01/04/2011 00:00,python,3348
01/04/2011 00:00,swift,3
01/05/2011 00:00,c++,3889
01/05/2011 00:00,assembly,158
01/05/2011 00:00,c#,10038
01/05/2011 00:00,java,8576
01/05/2011 00:00,javascript,7311
01/05/2011 00:00,delphi,477
01/05/2011 00:00,go,37
01/05/2011 00:00,c,1826
01/05/2011 00:00,ruby,1565
01/05/2011 00:00,php,8121
01/05/2011 00:00,swift,1
01/05/2011 00:00,perl,582
01/05/2011 00:00,python,3522
01/05/2011 00:00,r,427
01/06/2011 00:00,python,3475
01/06/2011 00:00,c#,9781
01/06/2011 00:00,assembly,140
01/06/2011 00:00,javascript,7693
01/06/2011 00:00,c,1767
01/06/2011 00:00,c++,3817
01/06/2011 00:00,perl,570
01/06/2011 00:00,ruby,1560
01/06/2011 00:00,delphi,456
01/06/2011 00:00,java,7926
01/06/2011 00:00,php,8068
01/06/2011 00:00,swift,3
01/06/2011 00:00,go,34
01/06/2011 00:00,r,444
01/07/2011 00:00,c#,9620
01/07/2011 00:00,javascript,8113
01/07/2011 00:00,java,8172
01/07/2011 00:00,go,26
01/07/2011 00:00,c++,3853
01/07/2011 00:00,php,8728
01/07/2011 00:00,assembly,141
01/07/2011 00:00,c,1660
01/07/2011 00:00,ruby,1583
01/07/2011 00:00,r,454
01/07/2011 00:00,perl,661
01/07/2011 00:00,delphi,430
01/07/2011 00:00,swift,12
01/07/2011 00:00,python,3667
01/08/2011 00:00,assembly,159
01/08/2011 00:00,go,40
01/08/2011 00:00,python,3835
01/08/2011 00:00,javascript,8907
01/08/2011 00:00,delphi,424
01/08/2011 00:00,c,1823
01/08/2011 00:00,c#,10090
01/08/2011 00:00,c++,3955
01/08/2011 00:00,java,8703
01/08/2011 00:00,php,8975
01/08/2011 00:00,perl,616
01/08/2011 00:00,ruby,1860
01/08/2011 00:00,r,586
01/08/2011 00:00,swift,8
01/09/2011 00:00,c,1918
01/09/2011 00:00,python,3522
01/09/2011 00:00,javascript,8207
01/09/2011 00:00,delphi,414
01/09/2011 00:00,assembly,155
01/09/2011 00:00,ruby,1552
01/09/2011 00:00,java,8348
01/09/2011 00:00,c#,9323
01/09/2011 00:00,c++,3949
01/09/2011 00:00,swift,6
01/09/2011 00:00,r,612
01/09/2011 00:00,php,8106
01/09/2011 00:00,perl,500
01/09/2011 00:00,go,26
01/10/2011 00:00,java,8577
01/10/2011 00:00,assembly,213
01/10/2011 00:00,delphi,465
01/10/2011 00:00,c++,4357
01/10/2011 00:00,javascript,8045
01/10/2011 00:00,perl,560
01/10/2011 00:00,c#,9239
01/10/2011 00:00,c,2140
01/10/2011 00:00,go,40
01/10/2011 00:00,php,8102
01/10/2011 00:00,r,621
01/10/2011 00:00,python,3631
01/10/2011 00:00,ruby,1618
01/10/2011 00:00,swift,6
01/11/2011 00:00,assembly,211
01/11/2011 00:00,javascript,8691
01/11/2011 00:00,java,9665
01/11/2011 00:00,c#,9926
01/11/2011 00:00,delphi,507
01/11/2011 00:00,c++,4490
01/11/2011 00:00,c,2202
01/11/2011 00:00,go,66
01/11/2011 00:00,php,8721
01/11/2011 00:00,ruby,1741
01/11/2011 00:00,perl,610
01/11/2011 00:00,swift,3
01/11/2011 00:00,python,3877
01/11/2011 00:00,r,607
01/12/2011 00:00,java,9227
01/12/2011 00:00,php,8377
01/12/2011 00:00,c#,9338
01/12/2011 00:00,delphi,574
01/12/2011 00:00,c,2008
01/12/2011 00:00,assembly,227
01/12/2011 00:00,javascript,8347
01/12/2011 00:00,go,52
01/12/2011 00:00,r,614
01/12/2011 00:00,perl,542
01/12/2011 00:00,c++,4366
01/12/2011 00:00,python,3627
01/12/2011 00:00,swift,2
01/12/2011 00:00,ruby,1690
01/01/2012 00:00,java,10164
01/01/2012 00:00,javascript,9616
01/01/2012 00:00,c#,10477
01/01/2012 00:00,go,37
01/01/2012 00:00,assembly,170
01/01/2012 00:00,php,9362
01/01/2012 00:00,c++,4553
01/01/2012 00:00,c,2234
01/01/2012 00:00,perl,569
01/01/2012 00:00,r,690
01/01/2012 00:00,ruby,1910
01/01/2012 00:00,delphi,514
01/01/2012 00:00,python,4212
01/01/2012 00:00,swift,6
01/02/2012 00:00,assembly,233
01/02/2012 00:00,javascript,10001
01/02/2012 00:00,python,4498
01/02/2012 00:00,java,10981
01/02/2012 00:00,delphi,472
01/02/2012 00:00,c++,5115
01/02/2012 00:00,c#,10778
01/02/2012 00:00,c,2412
01/02/2012 00:00,php,9984
01/02/2012 00:00,perl,615
01/02/2012 00:00,ruby,2051
01/02/2012 00:00,go,31
01/02/2012 00:00,swift,9
01/02/2012 00:00,r,813
01/03/2012 00:00,delphi,499
01/03/2012 00:00,c++,5246
01/03/2012 00:00,java,12425
01/03/2012 00:00,assembly,261
01/03/2012 00:00,c#,11621
01/03/2012 00:00,c,2739
01/03/2012 00:00,javascript,10718
01/03/2012 00:00,php,10937
01/03/2012 00:00,go,47
01/03/2012 00:00,perl,609
01/03/2012 00:00,python,5049
01/03/2012 00:00,r,889
01/03/2012 00:00,ruby,2196
01/03/2012 00:00,swift,4
01/04/2012 00:00,delphi,482
01/04/2012 00:00,java,12070
01/04/2012 00:00,assembly,275
01/04/2012 00:00,php,10470
01/04/2012 00:00,c,2671
01/04/2012 00:00,c++,5316
01/04/2012 00:00,perl,602
01/04/2012 00:00,c#,11152
01/04/2012 00:00,python,4932
01/04/2012 00:00,javascript,10702
01/04/2012 00:00,r,843
01/04/2012 00:00,go,69
01/04/2012 00:00,ruby,1975
01/04/2012 00:00,swift,5
01/05/2012 00:00,assembly,227
01/05/2012 00:00,c++,4992
01/05/2012 00:00,c#,11605
01/05/2012 00:00,java,12214
01/05/2012 00:00,delphi,481
01/05/2012 00:00,javascript,11540
01/05/2012 00:00,go,69
01/05/2012 00:00,c,2485
01/05/2012 00:00,perl,649
01/05/2012 00:00,ruby,1980
01/05/2012 00:00,php,10982
01/05/2012 00:00,r,876
01/05/2012 00:00,swift,6
01/05/2012 00:00,python,5111
01/06/2012 00:00,java,11142
01/06/2012 00:00,go,72
01/06/2012 00:00,c#,11342
01/06/2012 00:00,javascript,11265
01/06/2012 00:00,assembly,203
01/06/2012 00:00,c,2316
01/06/2012 00:00,c++,4663
01/06/2012 00:00,php,10630
01/06/2012 00:00,python,5286
01/06/2012 00:00,perl,745
01/06/2012 00:00,ruby,1891
01/06/2012 00:00,delphi,418
01/06/2012 00:00,swift,4
01/06/2012 00:00,r,974
01/07/2012 00:00,delphi,442
01/07/2012 00:00,assembly,201
01/07/2012 00:00,c++,5289
01/07/2012 00:00,c,2374
01/07/2012 00:00,c#,12347
01/07/2012 00:00,java,12274
01/07/2012 00:00,python,5738
01/07/2012 00:00,go,76
01/07/2012 00:00,javascript,12323
01/07/2012 00:00,perl,668
01/07/2012 00:00,swift,6
01/07/2012 00:00,r,1121
01/07/2012 00:00,php,11797
01/07/2012 00:00,ruby,2066
01/08/2012 00:00,php,11943
01/08/2012 00:00,assembly,189
01/08/2012 00:00,c#,11973
01/08/2012 00:00,go,72
01/08/2012 00:00,c++,5167
01/08/2012 00:00,delphi,403
01/08/2012 00:00,python,5872
01/08/2012 00:00,c,2322
01/08/2012 00:00,javascript,12448
01/08/2012 00:00,perl,769
01/08/2012 00:00,ruby,2063
01/08/2012 00:00,java,12275
01/08/2012 00:00,swift,4
01/08/2012 00:00,r,1090
01/09/2012 00:00,javascript,11172
01/09/2012 00:00,c,2533
01/09/2012 00:00,c#,11290
01/09/2012 00:00,assembly,225
01/09/2012 00:00,java,11635
01/09/2012 00:00,c++,4917
01/09/2012 00:00,delphi,385
01/09/2012 00:00,php,11030
01/09/2012 00:00,go,130
01/09/2012 00:00,perl,671
01/09/2012 00:00,python,5260
01/09/2012 00:00,r,1060
01/09/2012 00:00,ruby,1960
01/09/2012 00:00,swift,7
01/10/2012 00:00,c#,12741
01/10/2012 00:00,delphi,478
01/10/2012 00:00,c++,5918
01/10/2012 00:00,go,101
01/10/2012 00:00,javascript,12428
01/10/2012 00:00,assembly,315
01/10/2012 00:00,c,3155
01/10/2012 00:00,python,6138
01/10/2012 00:00,java,13517
01/10/2012 00:00,php,11840
01/10/2012 00:00,swift,4
01/10/2012 00:00,perl,693
01/10/2012 00:00,r,1266
01/10/2012 00:00,ruby,2262
01/11/2012 00:00,java,13632
01/11/2012 00:00,assembly,303
01/11/2012 00:00,c++,6280
01/11/2012 00:00,c#,12247
01/11/2012 00:00,c,3198
01/11/2012 00:00,delphi,444
01/11/2012 00:00,javascript,12357
01/11/2012 00:00,go,104
01/11/2012 00:00,r,1346
01/11/2012 00:00,perl,640
01/11/2012 00:00,ruby,2134
01/11/2012 00:00,php,11837
01/11/2012 00:00,python,6403
01/11/2012 00:00,swift,2
01/12/2012 00:00,java,12451
01/12/2012 00:00,delphi,429
01/12/2012 00:00,assembly,264
01/12/2012 00:00,c#,10966
01/12/2012 00:00,c,2573
01/12/2012 00:00,python,5765
01/12/2012 00:00,go,113
01/12/2012 00:00,c++,5692
01/12/2012 00:00,javascript,11751
01/12/2012 00:00,ruby,1906
01/12/2012 00:00,php,11127
01/12/2012 00:00,swift,3
01/12/2012 00:00,perl,558
01/12/2012 00:00,r,1216
01/01/2013 00:00,java,13753
01/01/2013 00:00,c#,12804
01/01/2013 00:00,c,2913
01/01/2013 00:00,c++,6055
01/01/2013 00:00,assembly,297
01/01/2013 00:00,delphi,484
01/01/2013 00:00,go,101
01/01/2013 00:00,python,6590
01/01/2013 00:00,perl,668
01/01/2013 00:00,javascript,13807
01/01/2013 00:00,r,1511
01/01/2013 00:00,swift,5
01/01/2013 00:00,php,12937
01/01/2013 00:00,ruby,2310
01/02/2013 00:00,php,12650
01/02/2013 00:00,assembly,322
01/02/2013 00:00,c#,12546
01/02/2013 00:00,go,117
01/02/2013 00:00,c++,6081
01/02/2013 00:00,delphi,449
01/02/2013 00:00,python,6755
01/02/2013 00:00,c,3102
01/02/2013 00:00,javascript,13671
01/02/2013 00:00,perl,755
01/02/2013 00:00,ruby,2226
01/02/2013 00:00,java,13757
01/02/2013 00:00,swift,5
01/02/2013 00:00,r,1664
01/03/2013 00:00,delphi,523
01/03/2013 00:00,assembly,365
01/03/2013 00:00,go,127
01/03/2013 00:00,java,15971
01/03/2013 00:00,c#,14289
01/03/2013 00:00,c,3453
01/03/2013 00:00,ruby,2567
01/03/2013 00:00,c++,7200
01/03/2013 00:00,php,14242
01/03/2013 00:00,perl,862
01/03/2013 00:00,swift,5
01/03/2013 00:00,javascript,15353
01/03/2013 00:00,python,7650
01/03/2013 00:00,r,1853
01/04/2013 00:00,c#,13960
01/04/2013 00:00,go,125
01/04/2013 00:00,python,7965
01/04/2013 00:00,c++,7171
01/04/2013 00:00,java,16310
01/04/2013 00:00,assembly,333
01/04/2013 00:00,c,3549
01/04/2013 00:00,perl,853
01/04/2013 00:00,javascript,15415
01/04/2013 00:00,delphi,517
01/04/2013 00:00,ruby,2472
01/04/2013 00:00,r,1843
01/04/2013 00:00,swift,6
01/04/2013 00:00,php,13540
01/05/2013 00:00,javascript,15106
01/05/2013 00:00,java,15359
01/05/2013 00:00,c#,13532
01/05/2013 00:00,c,3202
01/05/2013 00:00,php,13224
01/05/2013 00:00,assembly,301
01/05/2013 00:00,c++,6864
01/05/2013 00:00,go,143
01/05/2013 00:00,ruby,2348
01/05/2013 00:00,python,7839
01/05/2013 00:00,swift,1
01/05/2013 00:00,delphi,539
01/05/2013 00:00,perl,920
01/05/2013 00:00,r,1787
01/06/2013 00:00,delphi,474
01/06/2013 00:00,java,14003
01/06/2013 00:00,assembly,299
01/06/2013 00:00,c#,12835
01/06/2013 00:00,c,2955
01/06/2013 00:00,c++,6210
01/06/2013 00:00,perl,851
01/06/2013 00:00,python,7618
01/06/2013 00:00,go,176
01/06/2013 00:00,javascript,14660
01/06/2013 00:00,php,12835
01/06/2013 00:00,ruby,2229
01/06/2013 00:00,r,1780
01/06/2013 00:00,swift,3
01/07/2013 00:00,c++,6593
01/07/2013 00:00,assembly,299
01/07/2013 00:00,go,200
01/07/2013 00:00,c#,14245
01/07/2013 00:00,php,14466
01/07/2013 00:00,delphi,509
01/07/2013 00:00,c,3028
01/07/2013 00:00,python,8642
01/07/2013 00:00,javascript,16893
01/07/2013 00:00,perl,984
01/07/2013 00:00,java,15263
01/07/2013 00:00,ruby,2448
01/07/2013 00:00,r,1978
01/07/2013 00:00,swift,7
01/08/2013 00:00,javascript,16893
01/08/2013 00:00,assembly,214
01/08/2013 00:00,c,3015
01/08/2013 00:00,c#,13899
01/08/2013 00:00,java,15122
01/08/2013 00:00,php,14460
01/08/2013 00:00,c++,6267
01/08/2013 00:00,delphi,450
01/08/2013 00:00,perl,853
01/08/2013 00:00,python,7960
01/08/2013 00:00,r,1926
01/08/2013 00:00,go,208
01/08/2013 00:00,ruby,2490
01/08/2013 00:00,swift,3
01/09/2013 00:00,java,16330
01/09/2013 00:00,delphi,489
01/09/2013 00:00,assembly,293
01/09/2013 00:00,php,14384
01/09/2013 00:00,c++,6581
01/09/2013 00:00,c#,13809
01/09/2013 00:00,c,3406
01/09/2013 00:00,go,237
01/09/2013 00:00,javascript,17796
01/09/2013 00:00,ruby,2396
01/09/2013 00:00,perl,706
01/09/2013 00:00,swift,10
01/09/2013 00:00,python,7989
01/09/2013 00:00,r,1717
01/10/2013 00:00,assembly,381
01/10/2013 00:00,c++,8005
01/10/2013 00:00,java,18816
01/10/2013 00:00,c#,15248
01/10/2013 00:00,delphi,525
01/10/2013 00:00,javascript,19827
01/10/2013 00:00,c,4248
01/10/2013 00:00,go,212
01/10/2013 00:00,perl,839
01/10/2013 00:00,ruby,2792
01/10/2013 00:00,r,2102
01/10/2013 00:00,swift,9
01/10/2013 00:00,php,15484
01/10/2013 00:00,python,9522
01/11/2013 00:00,java,18846
01/11/2013 00:00,c#,14654
01/11/2013 00:00,go,210
01/11/2013 00:00,javascript,18586
01/11/2013 00:00,assembly,419
01/11/2013 00:00,c++,8164
01/11/2013 00:00,c,4300
01/11/2013 00:00,php,15047
01/11/2013 00:00,python,9522
01/11/2013 00:00,ruby,2579
01/11/2013 00:00,perl,838
01/11/2013 00:00,swift,5
01/11/2013 00:00,delphi,462
01/11/2013 00:00,r,2192
01/12/2013 00:00,assembly,358
01/12/2013 00:00,delphi,450
01/12/2013 00:00,c++,7036
01/12/2013 00:00,c,3509
01/12/2013 00:00,java,17536
01/12/2013 00:00,c#,13679
01/12/2013 00:00,python,8492
01/12/2013 00:00,go,240
01/12/2013 00:00,perl,782
01/12/2013 00:00,javascript,18109
01/12/2013 00:00,swift,9
01/12/2013 00:00,r,1911
01/12/2013 00:00,ruby,2452
01/12/2013 00:00,php,14577
01/01/2014 00:00,php,16982
01/01/2014 00:00,c#,15394
01/01/2014 00:00,go,303
01/01/2014 00:00,assembly,339
01/01/2014 00:00,c++,7717
01/01/2014 00:00,python,9864
01/01/2014 00:00,c,3748
01/01/2014 00:00,delphi,493
01/01/2014 00:00,javascript,21202
01/01/2014 00:00,perl,825
01/01/2014 00:00,java,18767
01/01/2014 00:00,ruby,2773
01/01/2014 00:00,r,2357
01/01/2014 00:00,swift,5
01/02/2014 00:00,javascript,21267
01/02/2014 00:00,assembly,375
01/02/2014 00:00,c,3985
01/02/2014 00:00,c#,15172
01/02/2014 00:00,java,19378
01/02/2014 00:00,php,16739
01/02/2014 00:00,c++,7707
01/02/2014 00:00,delphi,492
01/02/2014 00:00,perl,816
01/02/2014 00:00,python,9939
01/02/2014 00:00,r,2621
01/02/2014 00:00,go,205
01/02/2014 00:00,ruby,2616
01/02/2014 00:00,swift,12
01/03/2014 00:00,assembly,455
01/03/2014 00:00,c#,16265
01/03/2014 00:00,python,11468
01/03/2014 00:00,c++,8701
01/03/2014 00:00,go,255
01/03/2014 00:00,java,22109
01/03/2014 00:00,delphi,441
01/03/2014 00:00,c,4586
01/03/2014 00:00,perl,940
01/03/2014 00:00,javascript,22786
01/03/2014 00:00,php,18564
01/03/2014 00:00,ruby,2957
01/03/2014 00:00,r,2823
01/03/2014 00:00,swift,4
01/04/2014 00:00,c,4030
01/04/2014 00:00,perl,842
01/04/2014 00:00,c#,15402
01/04/2014 00:00,delphi,393
01/04/2014 00:00,java,21020
01/04/2014 00:00,assembly,364
01/04/2014 00:00,javascript,21573
01/04/2014 00:00,go,342
01/04/2014 00:00,r,2744
01/04/2014 00:00,php,17908
01/04/2014 00:00,c++,8162
01/04/2014 00:00,python,10812
01/04/2014 00:00,swift,4
01/04/2014 00:00,ruby,2753
01/05/2014 00:00,java,18088
01/05/2014 00:00,delphi,475
01/05/2014 00:00,c,3284
01/05/2014 00:00,python,9301
01/05/2014 00:00,c++,6827
01/05/2014 00:00,c#,13992
01/05/2014 00:00,assembly,333
01/05/2014 00:00,ruby,2684
01/05/2014 00:00,javascript,19923
01/05/2014 00:00,go,280
01/05/2014 00:00,swift,9
01/05/2014 00:00,perl,819
01/05/2014 00:00,r,2595
01/05/2014 00:00,php,14984
01/06/2014 00:00,java,16016
01/06/2014 00:00,delphi,415
01/06/2014 00:00,javascript,18428
01/06/2014 00:00,python,8954
01/06/2014 00:00,assembly,273
01/06/2014 00:00,c#,12599
01/06/2014 00:00,c,2784
01/06/2014 00:00,c++,5710
01/06/2014 00:00,perl,702
01/06/2014 00:00,php,13212
01/06/2014 00:00,r,2404
01/06/2014 00:00,ruby,2341
01/06/2014 00:00,go,288
01/06/2014 00:00,swift,2413
01/07/2014 00:00,javascript,20259
01/07/2014 00:00,c++,6309
01/07/2014 00:00,c#,13773
01/07/2014 00:00,assembly,217
01/07/2014 00:00,java,17466
01/07/2014 00:00,c,2848
01/07/2014 00:00,delphi,446
01/07/2014 00:00,php,14471
01/07/2014 00:00,go,454
01/07/2014 00:00,perl,756
01/07/2014 00:00,python,9974
01/07/2014 00:00,r,2646
01/07/2014 00:00,ruby,2566
01/07/2014 00:00,swift,1646
01/08/2014 00:00,delphi,426
01/08/2014 00:00,java,15837
01/08/2014 00:00,assembly,183
01/08/2014 00:00,c#,12578
01/08/2014 00:00,c,2690
01/08/2014 00:00,c++,5916
01/08/2014 00:00,perl,701
01/08/2014 00:00,go,405
01/08/2014 00:00,python,9149
01/08/2014 00:00,javascript,18583
01/08/2014 00:00,r,2486
01/08/2014 00:00,php,13372
01/08/2014 00:00,swift,1703
01/08/2014 00:00,ruby,2480
01/09/2014 00:00,c#,12407
01/09/2014 00:00,assembly,288
01/09/2014 00:00,c++,6241
01/09/2014 00:00,python,8807
01/09/2014 00:00,java,16820
01/09/2014 00:00,go,392
01/09/2014 00:00,c,3247
01/09/2014 00:00,delphi,447
01/09/2014 00:00,javascript,18235
01/09/2014 00:00,perl,698
01/09/2014 00:00,ruby,2282
01/09/2014 00:00,php,13521
01/09/2014 00:00,swift,1907
01/09/2014 00:00,r,2380
01/10/2014 00:00,c#,12640
01/10/2014 00:00,javascript,19017
01/10/2014 00:00,java,18010
01/10/2014 00:00,go,383
01/10/2014 00:00,c++,6878
01/10/2014 00:00,php,13782
01/10/2014 00:00,assembly,391
01/10/2014 00:00,c,3819
01/10/2014 00:00,ruby,2346
01/10/2014 00:00,perl,660
01/10/2014 00:00,python,9626
01/10/2014 00:00,delphi,411
01/10/2014 00:00,swift,2469
01/10/2014 00:00,r,2790
01/11/2014 00:00,java,17956
01/11/2014 00:00,delphi,430
01/11/2014 00:00,assembly,389
01/11/2014 00:00,c#,11944
01/11/2014 00:00,c++,6596
01/11/2014 00:00,python,9612
01/11/2014 00:00,c,3692
01/11/2014 00:00,ruby,2120
01/11/2014 00:00,javascript,18069
01/11/2014 00:00,perl,665
01/11/2014 00:00,swift,2570
01/11/2014 00:00,go,338
01/11/2014 00:00,php,13185
01/11/2014 00:00,r,2713
01/12/2014 00:00,c++,6113
01/12/2014 00:00,assembly,329
01/12/2014 00:00,c#,11167
01/12/2014 00:00,go,351
01/12/2014 00:00,php,12513
01/12/2014 00:00,delphi,317
01/12/2014 00:00,python,9078
01/12/2014 00:00,c,3164
01/12/2014 00:00,javascript,17082
01/12/2014 00:00,perl,579
01/12/2014 00:00,ruby,2156
01/12/2014 00:00,java,16470
01/12/2014 00:00,swift,2501
01/12/2014 00:00,r,2369
01/01/2015 00:00,javascript,18621
01/01/2015 00:00,c,3222
01/01/2015 00:00,c#,11823
01/01/2015 00:00,assembly,333
01/01/2015 00:00,java,16639
01/01/2015 00:00,c++,6172
01/01/2015 00:00,delphi,383
01/01/2015 00:00,php,13773
01/01/2015 00:00,go,470
01/01/2015 00:00,perl,606
01/01/2015 00:00,python,9730
01/01/2015 00:00,r,2704
01/01/2015 00:00,ruby,2437
01/01/2015 00:00,swift,3070
01/02/2015 00:00,delphi,416
01/02/2015 00:00,java,16827
01/02/2015 00:00,assembly,359
01/02/2015 00:00,php,13627
01/02/2015 00:00,c,3380
01/02/2015 00:00,c++,6495
01/02/2015 00:00,perl,572
01/02/2015 00:00,c#,11852
01/02/2015 00:00,python,10230
01/02/2015 00:00,javascript,18747
01/02/2015 00:00,r,2980
01/02/2015 00:00,go,384
01/02/2015 00:00,ruby,2261
01/02/2015 00:00,swift,3247
01/03/2015 00:00,assembly,390
01/03/2015 00:00,javascript,20626
01/03/2015 00:00,c,3925
01/03/2015 00:00,delphi,412
01/03/2015 00:00,perl,664
01/03/2015 00:00,c#,13322
01/03/2015 00:00,java,19850
01/03/2015 00:00,go,469
01/03/2015 00:00,php,15062
01/03/2015 00:00,python,11653
01/03/2015 00:00,r,3573
01/03/2015 00:00,c++,7410
01/03/2015 00:00,ruby,2466
01/03/2015 00:00,swift,3607
01/04/2015 00:00,php,15124
01/04/2015 00:00,java,19890
01/04/2015 00:00,c++,7164
01/04/2015 00:00,c,3966
01/04/2015 00:00,javascript,20991
01/04/2015 00:00,assembly,442
01/04/2015 00:00,c#,13151
01/04/2015 00:00,go,391
01/04/2015 00:00,python,11488
01/04/2015 00:00,perl,587
01/04/2015 00:00,ruby,2510
01/04/2015 00:00,delphi,391
01/04/2015 00:00,swift,4032
01/04/2015 00:00,r,3335
01/05/2015 00:00,java,18605
01/05/2015 00:00,delphi,400
01/05/2015 00:00,c++,6843
01/05/2015 00:00,javascript,22240
01/05/2015 00:00,assembly,372
01/05/2015 00:00,c#,13430
01/05/2015 00:00,python,11251
01/05/2015 00:00,c,3531
01/05/2015 00:00,r,3435
01/05/2015 00:00,php,14705
01/05/2015 00:00,ruby,2510
01/05/2015 00:00,go,396
01/05/2015 00:00,perl,538
01/05/2015 00:00,swift,3813
01/06/2015 00:00,delphi,388
01/06/2015 00:00,javascript,22694
01/06/2015 00:00,perl,594
01/06/2015 00:00,java,17919
01/06/2015 00:00,assembly,266
01/06/2015 00:00,c#,13594
01/06/2015 00:00,r,3438
01/06/2015 00:00,c,3175
01/06/2015 00:00,python,11841
01/06/2015 00:00,php,14492
01/06/2015 00:00,go,423
01/06/2015 00:00,c++,6534
01/06/2015 00:00,ruby,2583
01/06/2015 00:00,swift,4339
01/07/2015 00:00,delphi,385
01/07/2015 00:00,java,18761
01/07/2015 00:00,go,468
01/07/2015 00:00,assembly,260
01/07/2015 00:00,c#,14179
01/07/2015 00:00,c++,6729
01/07/2015 00:00,ruby,2587
01/07/2015 00:00,c,2821
01/07/2015 00:00,php,15526
01/07/2015 00:00,javascript,24075
01/07/2015 00:00,perl,592
01/07/2015 00:00,swift,5160
01/07/2015 00:00,python,12364
01/07/2015 00:00,r,3987
01/08/2015 00:00,c#,13289
01/08/2015 00:00,assembly,217
01/08/2015 00:00,python,11258
01/08/2015 00:00,c++,5893
01/08/2015 00:00,java,17139
01/08/2015 00:00,go,449
01/08/2015 00:00,c,2586
01/08/2015 00:00,delphi,388
01/08/2015 00:00,javascript,22213
01/08/2015 00:00,r,3497
01/08/2015 00:00,ruby,2321
01/08/2015 00:00,perl,567
01/08/2015 00:00,swift,5098
01/08/2015 00:00,php,14364
01/09/2015 00:00,c,3091
01/09/2015 00:00,delphi,359
01/09/2015 00:00,perl,486
01/09/2015 00:00,javascript,21486
01/09/2015 00:00,java,17003
01/09/2015 00:00,go,426
01/09/2015 00:00,assembly,257
01/09/2015 00:00,c#,12958
01/09/2015 00:00,r,3338
01/09/2015 00:00,python,10999
01/09/2015 00:00,php,13623
01/09/2015 00:00,c++,5928
01/09/2015 00:00,ruby,2167
01/09/2015 00:00,swift,4566
01/10/2015 00:00,delphi,422
01/10/2015 00:00,java,18603
01/10/2015 00:00,c,3689
01/10/2015 00:00,c#,12842
01/10/2015 00:00,assembly,432
01/10/2015 00:00,c++,7066
01/10/2015 00:00,go,429
01/10/2015 00:00,python,12529
01/10/2015 00:00,perl,517
01/10/2015 00:00,javascript,21891
01/10/2015 00:00,r,3690
01/10/2015 00:00,ruby,2197
01/10/2015 00:00,php,14021
01/10/2015 00:00,swift,4316
01/11/2015 00:00,java,17836
01/11/2015 00:00,javascript,21335
01/11/2015 00:00,python,12339
01/11/2015 00:00,delphi,392
01/11/2015 00:00,assembly,404
01/11/2015 00:00,c,3625
01/11/2015 00:00,c++,7107
01/11/2015 00:00,c#,12430
01/11/2015 00:00,perl,476
01/11/2015 00:00,php,13431
01/11/2015 00:00,ruby,1962
01/11/2015 00:00,go,435
01/11/2015 00:00,r,3547
01/11/2015 00:00,swift,4331
01/12/2015 00:00,java,16610
01/12/2015 00:00,c#,12199
01/12/2015 00:00,c++,6579
01/12/2015 00:00,assembly,352
01/12/2015 00:00,javascript,21156
01/12/2015 00:00,delphi,314
01/12/2015 00:00,c,3096
01/12/2015 00:00,php,13878
01/12/2015 00:00,perl,489
01/12/2015 00:00,go,426
01/12/2015 00:00,r,3184
01/12/2015 00:00,python,11686
01/12/2015 00:00,ruby,2031
01/12/2015 00:00,swift,4391
01/01/2016 00:00,assembly,248
01/01/2016 00:00,delphi,318
01/01/2016 00:00,java,16691
01/01/2016 00:00,c#,12408
01/01/2016 00:00,c,3056
01/01/2016 00:00,go,496
01/01/2016 00:00,c++,6118
01/01/2016 00:00,php,14684
01/01/2016 00:00,perl,464
01/01/2016 00:00,ruby,2150
01/01/2016 00:00,javascript,22578
01/01/2016 00:00,python,12385
01/01/2016 00:00,swift,4805
01/01/2016 00:00,r,3542
01/02/2016 00:00,c#,12788
01/02/2016 00:00,assembly,349
01/02/2016 00:00,python,13292
01/02/2016 00:00,c++,6577
01/02/2016 00:00,java,17900
01/02/2016 00:00,go,542
01/02/2016 00:00,c,3288
01/02/2016 00:00,delphi,358
01/02/2016 00:00,javascript,22539
01/02/2016 00:00,perl,516
01/02/2016 00:00,ruby,2250
01/02/2016 00:00,php,15030
01/02/2016 00:00,swift,4763
01/02/2016 00:00,r,3607
01/03/2016 00:00,delphi,340
01/03/2016 00:00,java,19972
01/03/2016 00:00,go,595
01/03/2016 00:00,c#,13673
01/03/2016 00:00,assembly,437
01/03/2016 00:00,c,3464
01/03/2016 00:00,r,4053
01/03/2016 00:00,python,14118
01/03/2016 00:00,perl,483
01/03/2016 00:00,javascript,24158
01/03/2016 00:00,php,15251
01/03/2016 00:00,c++,7054
01/03/2016 00:00,ruby,2266
01/03/2016 00:00,swift,5091
01/04/2016 00:00,assembly,412
01/04/2016 00:00,c#,13771
01/04/2016 00:00,python,13706
01/04/2016 00:00,c,3365
01/04/2016 00:00,java,19551
01/04/2016 00:00,delphi,323
01/04/2016 00:00,c++,6917
01/04/2016 00:00,go,603
01/04/2016 00:00,perl,507
01/04/2016 00:00,javascript,23509
01/04/2016 00:00,ruby,2215
01/04/2016 00:00,php,14571
01/04/2016 00:00,r,4136
01/04/2016 00:00,swift,4770
01/05/2016 00:00,javascript,23068
01/05/2016 00:00,c#,13553
01/05/2016 00:00,c,2730
01/05/2016 00:00,python,13162
01/05/2016 00:00,assembly,323
01/05/2016 00:00,delphi,338
01/05/2016 00:00,java,17104
01/05/2016 00:00,ruby,2132
01/05/2016 00:00,c++,6156
01/05/2016 00:00,php,14551
01/05/2016 00:00,r,3804
01/05/2016 00:00,go,581
01/05/2016 00:00,perl,501
01/05/2016 00:00,swift,4442
01/06/2016 00:00,java,15962
01/06/2016 00:00,delphi,281
01/06/2016 00:00,r,3869
01/06/2016 00:00,php,13748
01/06/2016 00:00,c,2312
01/06/2016 00:00,c#,13122
01/06/2016 00:00,assembly,288
01/06/2016 00:00,c++,5737
01/06/2016 00:00,javascript,22209
01/06/2016 00:00,go,550
01/06/2016 00:00,perl,453
01/06/2016 00:00,ruby,2113
01/06/2016 00:00,python,12953
01/06/2016 00:00,swift,4817
01/07/2016 00:00,c++,5490
01/07/2016 00:00,assembly,200
01/07/2016 00:00,c#,12061
01/07/2016 00:00,java,14991
01/07/2016 00:00,javascript,22245
01/07/2016 00:00,delphi,243
01/07/2016 00:00,go,538
01/07/2016 00:00,c,2355
01/07/2016 00:00,ruby,1906
01/07/2016 00:00,php,13005
01/07/2016 00:00,swift,4954
01/07/2016 00:00,perl,440
01/07/2016 00:00,python,12863
01/07/2016 00:00,r,3754
01/08/2016 00:00,python,12944
01/08/2016 00:00,java,15226
01/08/2016 00:00,assembly,257
01/08/2016 00:00,javascript,22724
01/08/2016 00:00,c,2222
01/08/2016 00:00,c#,12772
01/08/2016 00:00,perl,475
01/08/2016 00:00,ruby,1884
01/08/2016 00:00,delphi,338
01/08/2016 00:00,c++,5027
01/08/2016 00:00,php,12955
01/08/2016 00:00,swift,4923
01/08/2016 00:00,go,576
01/08/2016 00:00,r,3791
01/09/2016 00:00,delphi,288
01/09/2016 00:00,java,14726
01/09/2016 00:00,assembly,335
01/09/2016 00:00,c#,11160
01/09/2016 00:00,go,514
01/09/2016 00:00,c,2519
01/09/2016 00:00,php,12220
01/09/2016 00:00,python,12380
01/09/2016 00:00,perl,475
01/09/2016 00:00,javascript,20490
01/09/2016 00:00,r,3303
01/09/2016 00:00,c++,5160
01/09/2016 00:00,ruby,1929
01/09/2016 00:00,swift,4883
01/10/2016 00:00,php,12352
01/10/2016 00:00,assembly,397
01/10/2016 00:00,go,533
01/10/2016 00:00,c#,11497
01/10/2016 00:00,c++,5995
01/10/2016 00:00,delphi,268
01/10/2016 00:00,c,3222
01/10/2016 00:00,python,13543
01/10/2016 00:00,javascript,20491
01/10/2016 00:00,java,15388
01/10/2016 00:00,ruby,1823
01/10/2016 00:00,perl,419
01/10/2016 00:00,swift,4738
01/10/2016 00:00,r,3791
01/11/2016 00:00,c,3276
01/11/2016 00:00,c#,11697
01/11/2016 00:00,javascript,20563
01/11/2016 00:00,python,14228
01/11/2016 00:00,assembly,414
01/11/2016 00:00,delphi,273
01/11/2016 00:00,java,15695
01/11/2016 00:00,ruby,1763
01/11/2016 00:00,c++,6109
01/11/2016 00:00,php,12028
01/11/2016 00:00,r,3566
01/11/2016 00:00,go,478
01/11/2016 00:00,perl,387
01/11/2016 00:00,swift,4372
01/12/2016 00:00,assembly,314
01/12/2016 00:00,java,13887
01/12/2016 00:00,r,3153
01/12/2016 00:00,delphi,253
01/12/2016 00:00,perl,352
01/12/2016 00:00,javascript,19848
01/12/2016 00:00,c,2803
01/12/2016 00:00,c#,10739
01/12/2016 00:00,php,11532
01/12/2016 00:00,go,498
01/12/2016 00:00,ruby,1629
01/12/2016 00:00,python,13082
01/12/2016 00:00,c++,5254
01/12/2016 00:00,swift,3946
01/01/2017 00:00,assembly,307
01/01/2017 00:00,c++,5670
01/01/2017 00:00,java,14621
01/01/2017 00:00,c#,11753
01/01/2017 00:00,delphi,285
01/01/2017 00:00,javascript,21457
01/01/2017 00:00,c,2767
01/01/2017 00:00,go,562
01/01/2017 00:00,php,12688
01/01/2017 00:00,ruby,1825
01/01/2017 00:00,perl,346
01/01/2017 00:00,swift,4350
01/01/2017 00:00,python,14316
01/01/2017 00:00,r,3500
01/02/2017 00:00,python,14813
01/02/2017 00:00,java,14613
01/02/2017 00:00,assembly,302
01/02/2017 00:00,javascript,21228
01/02/2017 00:00,c,2734
01/02/2017 00:00,c#,11549
01/02/2017 00:00,perl,419
01/02/2017 00:00,ruby,1633
01/02/2017 00:00,delphi,304
01/02/2017 00:00,c++,5197
01/02/2017 00:00,php,12593
01/02/2017 00:00,swift,4075
01/02/2017 00:00,go,556
01/02/2017 00:00,r,3685
01/03/2017 00:00,delphi,305
01/03/2017 00:00,assembly,373
01/03/2017 00:00,c++,6244
01/03/2017 00:00,c,2980
01/03/2017 00:00,c#,13047
01/03/2017 00:00,java,17366
01/03/2017 00:00,python,17167
01/03/2017 00:00,perl,428
01/03/2017 00:00,javascript,23758
01/03/2017 00:00,r,4608
01/03/2017 00:00,ruby,1791
01/03/2017 00:00,go,657
01/03/2017 00:00,swift,4629
01/03/2017 00:00,php,14159
01/04/2017 00:00,c#,11138
01/04/2017 00:00,c,2866
01/04/2017 00:00,c++,5899
01/04/2017 00:00,python,15686
01/04/2017 00:00,javascript,21289
01/04/2017 00:00,go,510
01/04/2017 00:00,php,12502
01/04/2017 00:00,assembly,320
01/04/2017 00:00,ruby,1491
01/04/2017 00:00,java,15987
01/04/2017 00:00,swift,3931
01/04/2017 00:00,delphi,263
01/04/2017 00:00,r,4267
01/04/2017 00:00,perl,376
01/05/2017 00:00,delphi,319
01/05/2017 00:00,java,16395
01/05/2017 00:00,r,4331
01/05/2017 00:00,php,13115
01/05/2017 00:00,assembly,349
01/05/2017 00:00,c,2749
01/05/2017 00:00,perl,363
01/05/2017 00:00,c#,12046
01/05/2017 00:00,python,16214
01/05/2017 00:00,javascript,22435
01/05/2017 00:00,c++,5316
01/05/2017 00:00,go,590
01/05/2017 00:00,ruby,1521
01/05/2017 00:00,swift,4113
01/06/2017 00:00,javascript,21635
01/06/2017 00:00,perl,332
01/06/2017 00:00,c,2367
01/06/2017 00:00,go,576
01/06/2017 00:00,c#,11350
01/06/2017 00:00,assembly,242
01/06/2017 00:00,c++,4702
01/06/2017 00:00,python,16074
01/06/2017 00:00,java,14658
01/06/2017 00:00,r,4460
01/06/2017 00:00,ruby,1419
01/06/2017 00:00,delphi,246
01/06/2017 00:00,swift,4205
01/06/2017 00:00,php,11845
01/07/2017 00:00,c#,11254
01/07/2017 00:00,javascript,21664
01/07/2017 00:00,python,16961
01/07/2017 00:00,c,2058
01/07/2017 00:00,java,14191
01/07/2017 00:00,php,11859
01/07/2017 00:00,c++,5041
01/07/2017 00:00,assembly,222
01/07/2017 00:00,swift,4357
01/07/2017 00:00,ruby,1524
01/07/2017 00:00,delphi,207
01/07/2017 00:00,perl,341
01/07/2017 00:00,go,658
01/07/2017 00:00,r,4591
01/08/2017 00:00,java,13784
01/08/2017 00:00,delphi,288
01/08/2017 00:00,assembly,217
01/08/2017 00:00,c#,11014
01/08/2017 00:00,c,2055
01/08/2017 00:00,python,16512
01/08/2017 00:00,go,615
01/08/2017 00:00,c++,4809
01/08/2017 00:00,javascript,21409
01/08/2017 00:00,ruby,1395
01/08/2017 00:00,perl,368
01/08/2017 00:00,swift,4199
01/08/2017 00:00,r,4582
01/08/2017 00:00,php,11727
01/09/2017 00:00,assembly,228
01/09/2017 00:00,c#,9933
01/09/2017 00:00,c,2108
01/09/2017 00:00,python,15485
01/09/2017 00:00,java,12800
01/09/2017 00:00,delphi,263
01/09/2017 00:00,go,544
01/09/2017 00:00,c++,4487
01/09/2017 00:00,perl,318
01/09/2017 00:00,javascript,19041
01/09/2017 00:00,r,4235
01/09/2017 00:00,ruby,1224
01/09/2017 00:00,php,10761
01/09/2017 00:00,swift,3789
01/10/2017 00:00,javascript,19923
01/10/2017 00:00,c,2797
01/10/2017 00:00,c#,10280
01/10/2017 00:00,php,10895
01/10/2017 00:00,delphi,222
01/10/2017 00:00,assembly,334
01/10/2017 00:00,go,619
01/10/2017 00:00,python,17002
01/10/2017 00:00,java,14051
01/10/2017 00:00,ruby,1299
01/10/2017 00:00,c++,5238
01/10/2017 00:00,r,4552
01/10/2017 00:00,perl,343
01/10/2017 00:00,swift,3913
01/11/2017 00:00,delphi,199
01/11/2017 00:00,java,14242
01/11/2017 00:00,r,4531
01/11/2017 00:00,php,10668
01/11/2017 00:00,assembly,387
01/11/2017 00:00,c,2965
01/11/2017 00:00,perl,280
01/11/2017 00:00,c#,9855
01/11/2017 00:00,python,17038
01/11/2017 00:00,javascript,19457
01/11/2017 00:00,c++,5053
01/11/2017 00:00,go,655
01/11/2017 00:00,ruby,1178
01/11/2017 00:00,swift,3681
01/12/2017 00:00,assembly,248
01/12/2017 00:00,c++,4472
01/12/2017 00:00,c#,8658
01/12/2017 00:00,java,12023
01/12/2017 00:00,delphi,188
01/12/2017 00:00,javascript,17022
01/12/2017 00:00,go,530
01/12/2017 00:00,c,2203
01/12/2017 00:00,php,9215
01/12/2017 00:00,ruby,1023
01/12/2017 00:00,perl,248
01/12/2017 00:00,swift,3218
01/12/2017 00:00,python,15004
01/12/2017 00:00,r,3723
01/01/2018 00:00,python,16302
01/01/2018 00:00,assembly,255
01/01/2018 00:00,java,12391
01/01/2018 00:00,javascript,18986
01/01/2018 00:00,c#,9455
01/01/2018 00:00,c,2231
01/01/2018 00:00,c++,4776
01/01/2018 00:00,ruby,1165
01/01/2018 00:00,swift,3763
01/01/2018 00:00,perl,253
01/01/2018 00:00,delphi,194
01/01/2018 00:00,php,10209
01/01/2018 00:00,go,545
01/01/2018 00:00,r,4209
01/02/2018 00:00,java,12084
01/02/2018 00:00,delphi,212
01/02/2018 00:00,assembly,282
01/02/2018 00:00,c#,8633
01/02/2018 00:00,c,2154
01/02/2018 00:00,python,16389
01/02/2018 00:00,go,584
01/02/2018 00:00,c++,4591
01/02/2018 00:00,javascript,17271
01/02/2018 00:00,ruby,1032
01/02/2018 00:00,perl,244
01/02/2018 00:00,swift,3420
01/02/2018 00:00,r,4517
01/02/2018 00:00,php,9217
01/03/2018 00:00,assembly,318
01/03/2018 00:00,javascript,19204
01/03/2018 00:00,c#,9855
01/03/2018 00:00,c,2483
01/03/2018 00:00,python,17965
01/03/2018 00:00,c++,5213
01/03/2018 00:00,delphi,216
01/03/2018 00:00,go,613
01/03/2018 00:00,perl,302
01/03/2018 00:00,ruby,1064
01/03/2018 00:00,java,13617
01/03/2018 00:00,php,9930
01/03/2018 00:00,r,5110
01/03/2018 00:00,swift,4077
01/04/2018 00:00,java,13549
01/04/2018 00:00,assembly,321
01/04/2018 00:00,c,2206
01/04/2018 00:00,c#,9293
01/04/2018 00:00,javascript,18002
01/04/2018 00:00,php,9011
01/04/2018 00:00,c++,4686
01/04/2018 00:00,delphi,204
01/04/2018 00:00,perl,267
01/04/2018 00:00,python,17028
01/04/2018 00:00,r,4746
01/04/2018 00:00,go,625
01/04/2018 00:00,ruby,989
01/04/2018 00:00,swift,3588
01/05/2018 00:00,assembly,298
01/05/2018 00:00,c#,9997
01/05/2018 00:00,c++,4706
01/05/2018 00:00,python,17628
01/05/2018 00:00,go,635
01/05/2018 00:00,javascript,18117
01/05/2018 00:00,c,2381
01/05/2018 00:00,java,13518
01/05/2018 00:00,delphi,193
01/05/2018 00:00,ruby,1036
01/05/2018 00:00,perl,257
01/05/2018 00:00,swift,3633
01/05/2018 00:00,php,9547
01/05/2018 00:00,r,4734
01/06/2018 00:00,c,1849
01/06/2018 00:00,c#,8840
01/06/2018 00:00,assembly,208
01/06/2018 00:00,c++,4122
01/06/2018 00:00,java,11846
01/06/2018 00:00,delphi,187
01/06/2018 00:00,perl,254
01/06/2018 00:00,javascript,17232
01/06/2018 00:00,r,4506
01/06/2018 00:00,go,678
01/06/2018 00:00,php,8512
01/06/2018 00:00,python,16857
01/06/2018 00:00,ruby,999
01/06/2018 00:00,swift,3161
01/07/2018 00:00,delphi,206
01/07/2018 00:00,java,11823
01/07/2018 00:00,assembly,182
01/07/2018 00:00,c#,9459
01/07/2018 00:00,go,696
01/07/2018 00:00,c,1612
01/07/2018 00:00,perl,262
01/07/2018 00:00,python,17981
01/07/2018 00:00,r,4416
01/07/2018 00:00,javascript,17862
01/07/2018 00:00,php,8637
01/07/2018 00:00,c++,3931
01/07/2018 00:00,ruby,943
01/07/2018 00:00,swift,3684
01/08/2018 00:00,assembly,182
01/08/2018 00:00,c#,9577
01/08/2018 00:00,python,17870
01/08/2018 00:00,c,1702
01/08/2018 00:00,java,11420
01/08/2018 00:00,delphi,206
01/08/2018 00:00,c++,3946
01/08/2018 00:00,go,711
01/08/2018 00:00,perl,239
01/08/2018 00:00,javascript,17975
01/08/2018 00:00,ruby,883
01/08/2018 00:00,php,8600
01/08/2018 00:00,r,4139
01/08/2018 00:00,swift,3598
01/09/2018 00:00,c#,8437
01/09/2018 00:00,c++,3785
01/09/2018 00:00,python,16154
01/09/2018 00:00,c,1867
01/09/2018 00:00,assembly,262
01/09/2018 00:00,javascript,16096
01/09/2018 00:00,delphi,185
01/09/2018 00:00,go,679
01/09/2018 00:00,perl,218
01/09/2018 00:00,php,7786
01/09/2018 00:00,java,10884
01/09/2018 00:00,ruby,783
01/09/2018 00:00,r,3809
01/09/2018 00:00,swift,3158
01/10/2018 00:00,delphi,226
01/10/2018 00:00,java,12668
01/10/2018 00:00,php,8335
01/10/2018 00:00,r,4392
01/10/2018 00:00,c#,9423
01/10/2018 00:00,c,2492
01/10/2018 00:00,c++,4365
01/10/2018 00:00,assembly,330
01/10/2018 00:00,go,798
01/10/2018 00:00,javascript,17554
01/10/2018 00:00,ruby,905
01/10/2018 00:00,perl,299
01/10/2018 00:00,swift,3301
01/10/2018 00:00,python,18328
01/11/2018 00:00,javascript,16329
01/11/2018 00:00,go,721
01/11/2018 00:00,python,18209
01/11/2018 00:00,c,2571
01/11/2018 00:00,c#,8577
01/11/2018 00:00,assembly,312
01/11/2018 00:00,java,11886
01/11/2018 00:00,c++,4420
01/11/2018 00:00,perl,245
01/11/2018 00:00,ruby,835
01/11/2018 00:00,delphi,181
01/11/2018 00:00,swift,3002
01/11/2018 00:00,r,4276
01/11/2018 00:00,php,7256
01/12/2018 00:00,javascript,14425
01/12/2018 00:00,java,10614
01/12/2018 00:00,c#,7650
01/12/2018 00:00,c,2246
01/12/2018 00:00,php,6364
01/12/2018 00:00,python,15918
01/12/2018 00:00,c++,3620
01/12/2018 00:00,assembly,236
01/12/2018 00:00,ruby,811
01/12/2018 00:00,delphi,176
01/12/2018 00:00,swift,2802
01/12/2018 00:00,perl,232
01/12/2018 00:00,go,661
01/12/2018 00:00,r,3443
01/01/2019 00:00,delphi,220
01/01/2019 00:00,java,11196
01/01/2019 00:00,assembly,229
01/01/2019 00:00,c#,8887
01/01/2019 00:00,go,666
01/01/2019 00:00,c,2330
01/01/2019 00:00,perl,274
01/01/2019 00:00,python,17163
01/01/2019 00:00,r,3994
01/01/2019 00:00,javascript,16170
01/01/2019 00:00,php,7328
01/01/2019 00:00,c++,3955
01/01/2019 00:00,ruby,920
01/01/2019 00:00,swift,2937
01/02/2019 00:00,assembly,232
01/02/2019 00:00,c#,8468
01/02/2019 00:00,python,17746
01/02/2019 00:00,c,2092
01/02/2019 00:00,java,11164
01/02/2019 00:00,delphi,190
01/02/2019 00:00,c++,3799
01/02/2019 00:00,go,636
01/02/2019 00:00,perl,263
01/02/2019 00:00,javascript,15862
01/02/2019 00:00,ruby,787
01/02/2019 00:00,php,7469
01/02/2019 00:00,r,4300
01/02/2019 00:00,swift,2708
01/03/2019 00:00,java,12254
01/03/2019 00:00,c++,4507
01/03/2019 00:00,delphi,189
01/03/2019 00:00,assembly,284
01/03/2019 00:00,javascript,17514
01/03/2019 00:00,c,2425
01/03/2019 00:00,c#,9082
01/03/2019 00:00,php,7964
01/03/2019 00:00,go,729
01/03/2019 00:00,perl,243
01/03/2019 00:00,python,20136
01/03/2019 00:00,r,4550
01/03/2019 00:00,ruby,851
01/03/2019 00:00,swift,2979
01/04/2019 00:00,delphi,206
01/04/2019 00:00,javascript,16348
01/04/2019 00:00,assembly,318
01/04/2019 00:00,c#,9251
01/04/2019 00:00,php,7393
01/04/2019 00:00,c++,4470
01/04/2019 00:00,c,2478
01/04/2019 00:00,go,655
01/04/2019 00:00,java,11352
01/04/2019 00:00,swift,3122
01/04/2019 00:00,python,20045
01/04/2019 00:00,ruby,767
01/04/2019 00:00,perl,219
01/04/2019 00:00,r,4659
01/05/2019 00:00,c#,9161
01/05/2019 00:00,assembly,253
01/05/2019 00:00,c,2156
01/05/2019 00:00,delphi,170
01/05/2019 00:00,javascript,16310
01/05/2019 00:00,perl,238
01/05/2019 00:00,java,11297
01/05/2019 00:00,go,684
01/05/2019 00:00,c++,4196
01/05/2019 00:00,php,7169
01/05/2019 00:00,r,4357
01/05/2019 00:00,python,19122
01/05/2019 00:00,swift,3142
01/05/2019 00:00,ruby,759
01/06/2019 00:00,java,9787
01/06/2019 00:00,javascript,15016
01/06/2019 00:00,c#,7740
01/06/2019 00:00,go,536
01/06/2019 00:00,assembly,205
01/06/2019 00:00,php,6175
01/06/2019 00:00,c++,3721
01/06/2019 00:00,c,1780
01/06/2019 00:00,python,17507
01/06/2019 00:00,perl,251
01/06/2019 00:00,ruby,707
01/06/2019 00:00,delphi,131
01/06/2019 00:00,swift,3122
01/06/2019 00:00,r,4004
01/07/2019 00:00,delphi,164
01/07/2019 00:00,assembly,195
01/07/2019 00:00,c++,4331
01/07/2019 00:00,c,1792
01/07/2019 00:00,c#,8588
01/07/2019 00:00,java,11024
01/07/2019 00:00,python,20030
01/07/2019 00:00,perl,249
01/07/2019 00:00,javascript,16403
01/07/2019 00:00,r,4265
01/07/2019 00:00,ruby,763
01/07/2019 00:00,go,641
01/07/2019 00:00,swift,3086
01/07/2019 00:00,php,6853
01/08/2019 00:00,c#,8027
01/08/2019 00:00,c,1602
01/08/2019 00:00,c++,3401
01/08/2019 00:00,python,18805
01/08/2019 00:00,delphi,172
01/08/2019 00:00,go,649
01/08/2019 00:00,javascript,15945
01/08/2019 00:00,assembly,177
01/08/2019 00:00,php,6147
01/08/2019 00:00,java,9646
01/08/2019 00:00,ruby,792
01/08/2019 00:00,perl,205
01/08/2019 00:00,swift,2656
01/08/2019 00:00,r,4115
01/09/2019 00:00,java,11332
01/09/2019 00:00,c,2141
01/09/2019 00:00,c#,8799
01/09/2019 00:00,assembly,241
01/09/2019 00:00,javascript,16846
01/09/2019 00:00,c++,4129
01/09/2019 00:00,delphi,164
01/09/2019 00:00,php,6454
01/09/2019 00:00,go,671
01/09/2019 00:00,perl,213
01/09/2019 00:00,python,19201
01/09/2019 00:00,r,4471
01/09/2019 00:00,ruby,791
01/09/2019 00:00,swift,2880
01/10/2019 00:00,c#,9463
01/10/2019 00:00,assembly,349
01/10/2019 00:00,c++,5295
01/10/2019 00:00,python,23398
01/10/2019 00:00,javascript,18386
01/10/2019 00:00,go,679
01/10/2019 00:00,c,2656
01/10/2019 00:00,delphi,162
01/10/2019 00:00,java,13156
01/10/2019 00:00,perl,216
01/10/2019 00:00,ruby,913
01/10/2019 00:00,php,7057
01/10/2019 00:00,swift,3450
01/10/2019 00:00,r,5135
01/11/2019 00:00,assembly,323
01/11/2019 00:00,c,2703
01/11/2019 00:00,c#,9103
01/11/2019 00:00,c++,5166
01/11/2019 00:00,perl,235
01/11/2019 00:00,java,12165
01/11/2019 00:00,delphi,180
01/11/2019 00:00,javascript,18187
01/11/2019 00:00,php,7047
01/11/2019 00:00,r,4876
01/11/2019 00:00,go,659
01/11/2019 00:00,python,23590
01/11/2019 00:00,ruby,726
01/11/2019 00:00,swift,3265
01/12/2019 00:00,assembly,267
01/12/2019 00:00,delphi,143
01/12/2019 00:00,java,10602
01/12/2019 00:00,c#,7978
01/12/2019 00:00,go,663
01/12/2019 00:00,python,20526
01/12/2019 00:00,c,2290
01/12/2019 00:00,c++,4595
01/12/2019 00:00,perl,168
01/12/2019 00:00,ruby,738
01/12/2019 00:00,javascript,16433
01/12/2019 00:00,swift,3010
01/12/2019 00:00,r,4238
01/12/2019 00:00,php,6069
01/01/2020 00:00,assembly,239
01/01/2020 00:00,c#,8665
01/01/2020 00:00,c,2177
01/01/2020 00:00,python,22699
01/01/2020 00:00,java,11522
01/01/2020 00:00,delphi,178
01/01/2020 00:00,perl,174
01/01/2020 00:00,c++,4521
01/01/2020 00:00,r,4614
01/01/2020 00:00,go,686
01/01/2020 00:00,ruby,817
01/01/2020 00:00,javascript,18076
01/01/2020 00:00,swift,3166
01/01/2020 00:00,php,6699
01/02/2020 00:00,c#,8679
01/02/2020 00:00,c,2090
01/02/2020 00:00,c++,4423
01/02/2020 00:00,python,22938
01/02/2020 00:00,delphi,168
01/02/2020 00:00,go,716
01/02/2020 00:00,javascript,17947
01/02/2020 00:00,assembly,281
01/02/2020 00:00,php,6543
01/02/2020 00:00,java,11602
01/02/2020 00:00,ruby,706
01/02/2020 00:00,perl,197
01/02/2020 00:00,swift,3103
01/02/2020 00:00,r,5192
01/03/2020 00:00,java,13253
01/03/2020 00:00,go,719
01/03/2020 00:00,c,2670
01/03/2020 00:00,delphi,181
01/03/2020 00:00,c#,8954
01/03/2020 00:00,python,26673
01/03/2020 00:00,c++,5107
01/03/2020 00:00,assembly,317
01/03/2020 00:00,javascript,20483
01/03/2020 00:00,perl,215
01/03/2020 00:00,r,5761
01/03/2020 00:00,php,6672
01/03/2020 00:00,swift,3434
01/03/2020 00:00,ruby,780
01/04/2020 00:00,java,15377
01/04/2020 00:00,assembly,406
01/04/2020 00:00,c++,6820
01/04/2020 00:00,c#,10042
01/04/2020 00:00,c,3472
01/04/2020 00:00,delphi,250
01/04/2020 00:00,javascript,24634
01/04/2020 00:00,go,887
01/04/2020 00:00,perl,240
01/04/2020 00:00,php,8060
01/04/2020 00:00,ruby,860
01/04/2020 00:00,python,32605
01/04/2020 00:00,swift,4015
01/04/2020 00:00,r,7047
01/05/2020 00:00,java,14711
01/05/2020 00:00,c#,9923
01/05/2020 00:00,assembly,386
01/05/2020 00:00,delphi,221
01/05/2020 00:00,c,3602
01/05/2020 00:00,javascript,25196
01/05/2020 00:00,go,826
01/05/2020 00:00,c++,7063
01/05/2020 00:00,php,7917
01/05/2020 00:00,python,34478
01/05/2020 00:00,perl,228
01/05/2020 00:00,ruby,774
01/05/2020 00:00,r,6833
01/05/2020 00:00,swift,4066
01/06/2020 00:00,delphi,214
01/06/2020 00:00,java,13015
01/06/2020 00:00,c++,6161
01/06/2020 00:00,c,2757
01/06/2020 00:00,php,7188
01/06/2020 00:00,assembly,363
01/06/2020 00:00,c#,9064
01/06/2020 00:00,go,765
01/06/2020 00:00,javascript,23360
01/06/2020 00:00,perl,203
01/06/2020 00:00,python,31817
01/06/2020 00:00,r,6249
01/06/2020 00:00,ruby,670
01/06/2020 00:00,swift,3733
01/07/2020 00:00,delphi,212
01/07/2020 00:00,java,12723
01/07/2020 00:00,javascript,23802
01/07/2020 00:00,c++,5756
01/07/2020 00:00,c#,9145
01/07/2020 00:00,assembly,298
01/07/2020 00:00,c,2294
01/07/2020 00:00,python,31261
01/07/2020 00:00,php,7334
01/07/2020 00:00,r,5694
01/07/2020 00:00,go,743
01/07/2020 00:00,ruby,775
01/07/2020 00:00,perl,182
01/07/2020 00:00,swift,3607
